{"cameraMode":{"drawMode":0,"name":"Shaded","section":"Shading Mode"},"sceneLighting":true,"audioPlay":false,"sceneViewState":{"showFog":true,"showMaterialUpdate":true,"showSkybox":true,"showFlares":true,"showImageEffects":true,"showParticleSystems":true},"in2DMode":false,"pivot":{"x":1015.9981689453125,"y":508.09326171875,"z":-4.71044921875},"rotation":{"x":0.027867676690220834,"y":-0.03388294577598572,"z":-0.0009447450283914804,"w":-0.9990367889404297},"size":1406.4769287109375,"orthographic":false}